id,category
0,0.3538935156389684
1,0.6731881523705814
2,0.7468002668188092
3,0.5458472883642541
4,0.86323039185215
5,0.7641572643387353
6,0.44568876801577817
7,0.6765823984144432
8,0.5765176747411498
9,0.8127469735519159
10,0.6794641594067884
11,0.7126277768042121
12,0.3651017915538639
13,0.5882899950986802
14,0.2607136198223954
15,0.8203606739789837
16,0.7754316089324478
17,0.7196802152043466
18,0.44617379262845713
19,0.7546174721745382
